{
    "name": "root",
    "gauges": {
        "JumperBrain.Policy.Entropy.mean": {
            "value": 0.2798687517642975,
            "min": 0.17048652470111847,
            "max": 0.4230515658855438,
            "count": 50
        },
        "JumperBrain.Policy.Entropy.sum": {
            "value": 2797.568115234375,
            "min": 1701.45556640625,
            "max": 4240.6689453125,
            "count": 50
        },
        "JumperBrain.Step.mean": {
            "value": 499967.0,
            "min": 9966.0,
            "max": 499967.0,
            "count": 50
        },
        "JumperBrain.Step.sum": {
            "value": 499967.0,
            "min": 9966.0,
            "max": 499967.0,
            "count": 50
        },
        "JumperBrain.Policy.ExtrinsicValueEstimate.mean": {
            "value": 1.116377353668213,
            "min": 0.5772717595100403,
            "max": 1.5630664825439453,
            "count": 50
        },
        "JumperBrain.Policy.ExtrinsicValueEstimate.sum": {
            "value": 185.31863403320312,
            "min": 93.51802062988281,
            "max": 256.3428955078125,
            "count": 50
        },
        "JumperBrain.Environment.EpisodeLength.mean": {
            "value": 518.9444444444445,
            "min": 424.1363636363636,
            "max": 1241.4285714285713,
            "count": 50
        },
        "JumperBrain.Environment.EpisodeLength.sum": {
            "value": 9341.0,
            "min": 6472.0,
            "max": 14510.0,
            "count": 50
        },
        "JumperBrain.Environment.CumulativeReward.mean": {
            "value": 5.735788758648069,
            "min": 4.540590279481628,
            "max": 21.64142506463187,
            "count": 50
        },
        "JumperBrain.Environment.CumulativeReward.sum": {
            "value": 108.97998641431332,
            "min": 73.41099147498608,
            "max": 232.3019664287567,
            "count": 50
        },
        "JumperBrain.Policy.ExtrinsicReward.mean": {
            "value": 5.735788758648069,
            "min": 4.540590279481628,
            "max": 21.64142506463187,
            "count": 50
        },
        "JumperBrain.Policy.ExtrinsicReward.sum": {
            "value": 108.97998641431332,
            "min": 73.41099147498608,
            "max": 232.3019664287567,
            "count": 50
        },
        "JumperBrain.Losses.PolicyLoss.mean": {
            "value": 0.06374517588604552,
            "min": 0.05936590718823329,
            "max": 0.07982925012765918,
            "count": 50
        },
        "JumperBrain.Losses.PolicyLoss.sum": {
            "value": 0.25498070354418206,
            "min": 0.25498070354418206,
            "max": 0.38066551939118654,
            "count": 50
        },
        "JumperBrain.Losses.ValueLoss.mean": {
            "value": 0.3094726009197378,
            "min": 0.23118578624368333,
            "max": 0.5541642365666727,
            "count": 50
        },
        "JumperBrain.Losses.ValueLoss.sum": {
            "value": 1.237890403678951,
            "min": 1.1018920644031218,
            "max": 2.4521871098938086,
            "count": 50
        },
        "JumperBrain.Policy.LearningRate.mean": {
            "value": 3.1124489625499937e-06,
            "min": 3.1124489625499937e-06,
            "max": 0.00029687505104164996,
            "count": 50
        },
        "JumperBrain.Policy.LearningRate.sum": {
            "value": 1.2449795850199975e-05,
            "min": 1.2449795850199975e-05,
            "max": 0.0014564118145293998,
            "count": 50
        },
        "JumperBrain.Policy.Epsilon.mean": {
            "value": 0.10103745,
            "min": 0.10103745,
            "max": 0.19895835,
            "count": 50
        },
        "JumperBrain.Policy.Epsilon.sum": {
            "value": 0.4041498,
            "min": 0.4041498,
            "max": 0.9854706000000002,
            "count": 50
        },
        "JumperBrain.Policy.Beta.mean": {
            "value": 6.17687549999999e-05,
            "min": 6.17687549999999e-05,
            "max": 0.004948021665000001,
            "count": 50
        },
        "JumperBrain.Policy.Beta.sum": {
            "value": 0.0002470750199999996,
            "min": 0.0002470750199999996,
            "max": 0.02427498294,
            "count": 50
        },
        "JumperBrain.IsTraining.mean": {
            "value": 1.0,
            "min": 1.0,
            "max": 1.0,
            "count": 50
        },
        "JumperBrain.IsTraining.sum": {
            "value": 1.0,
            "min": 1.0,
            "max": 1.0,
            "count": 50
        }
    },
    "metadata": {
        "timer_format_version": "0.1.0",
        "start_time_seconds": "1776027960",
        "python_version": "3.9.25 (main, Nov  3 2025, 22:44:01) [MSC v.1929 64 bit (AMD64)]",
        "command_line_arguments": "C:\\Users\\marwa\\anaconda3\\envs\\test\\Scripts\\mlagents-learn config/CubeAgent.yaml --run-id=Jumper_Fase4 --initialize-from=Jumper_Fase3 --force",
        "mlagents_version": "0.30.0",
        "mlagents_envs_version": "0.30.0",
        "communication_protocol_version": "1.5.0",
        "pytorch_version": "1.13.1+cpu",
        "numpy_version": "1.21.2",
        "end_time_seconds": "1776029013"
    },
    "total": 1052.8232384,
    "count": 1,
    "self": 0.013543799999979456,
    "children": {
        "run_training.setup": {
            "total": 0.13254829999999984,
            "count": 1,
            "self": 0.13254829999999984
        },
        "TrainerController.start_learning": {
            "total": 1052.6771463,
            "count": 1,
            "self": 2.908511700027475,
            "children": {
                "TrainerController._reset_env": {
                    "total": 29.5078805,
                    "count": 1,
                    "self": 29.5078805
                },
                "TrainerController.advance": {
                    "total": 1020.1096972999727,
                    "count": 125503,
                    "self": 2.73145849997843,
                    "children": {
                        "env_step": {
                            "total": 809.4248336999915,
                            "count": 125503,
                            "self": 613.1185946000198,
                            "children": {
                                "SubprocessEnvManager._take_step": {
                                    "total": 194.5132559999727,
                                    "count": 125503,
                                    "self": 8.188404099953743,
                                    "children": {
                                        "TorchPolicy.evaluate": {
                                            "total": 186.32485190001896,
                                            "count": 125029,
                                            "self": 186.32485190001896
                                        }
                                    }
                                },
                                "workers": {
                                    "total": 1.7929830999990273,
                                    "count": 125503,
                                    "self": 0.0,
                                    "children": {
                                        "worker_root": {
                                            "total": 1018.3122350999995,
                                            "count": 125503,
                                            "is_parallel": true,
                                            "self": 562.6047837000085,
                                            "children": {
                                                "steps_from_proto": {
                                                    "total": 0.0062742999999976234,
                                                    "count": 1,
                                                    "is_parallel": true,